{
  "author": "N.Mukai",
  "ball": {
    "x": 210.01388835906982
  },
  "goal": {
    "x": 1009.0138883590698,
    "y": 426.2638854980469
  },
  "jumps": [],
  "worps": [
    {
      "x": 453.0138883590698,
      "y": 645.2638854980469
    },
    {
      "x": 567.0138883590698,
      "y": 50.263885498046875
    }
  ],
  "slopes": [
    {
      "x": 254.01388835906982,
      "y": 464.7638854980469,
      "w": 308,
      "h": 27
    },
    {
      "x": 737.0138883590698,
      "y": 220.76388549804688,
      "w": 384,
      "h": 31
    }
  ],
  "lifts": []
}