{
  "author": "N.Mukai",
  "ball": {
    "x": 574
  },
  "goal": {
    "x": 973,
    "y": 564.125
  },
  "jumps": [],
  "slopes": [
    {
      "x": 560.5,
      "y": 514.625,
      "w": 167,
      "h": 23
    },
    {
      "x": 277,
      "y": 594.125,
      "w": 78,
      "h": 34
    }
  ],
  "lifts": [
    {
      "x": 778.5,
      "y": 278.125,
      "w": 183,
      "h": 10,
      "l": 200,
      "r": -0.5727171699074196
    },
    {
      "x": 332.5,
      "y": 305.625,
      "w": 37,
      "h": 10,
      "l": 200,
      "r": 0.8366353308008672
    }
  ]
}