{
  "author": "N.Mukai",
  "ball": {
    "x": 142.01388835906982
  },
  "goal": {
    "x": 1126.0138883590698,
    "y": 542.2638854980469
  },
  "jumps": [
    {
      "x": 987.0138883590698,
      "y": 676.2638854980469
    }
  ],
  "worps": [
    {
      "x": 574.0138883590698,
      "y": 394.2638854980469
    },
    {
      "x": 792.0138883590698,
      "y": 92.26388549804688
    }
  ],
  "slopes": [
    {
      "x": 295.0138883590698,
      "y": 173.26388549804688,
      "w": 398,
      "h": 16
    }
  ],
  "lifts": []
}