{
  "author": "N.Mukai",
  "ball": {
    "x": 656.0138883590698
  },
  "goal": {
    "x": 198.01388835906982,
    "y": 492.81944274902344
  },
  "jumps": [
    {
      "x": 671.0138883590698,
      "y": 465.81944274902344
    }
  ],
  "slopes": [
    {
      "x": 374.0138883590698,
      "y": 350.81944274902344,
      "w": 404,
      "h": 64
    },
    {
      "x": 764.0138883590698,
      "y": 554.8194427490234,
      "w": 376,
      "h": 18
    },
    {
      "x": 390.5138883590698,
      "y": 644.3194427490234,
      "w": 389,
      "h": 27
    }
  ],
  "lifts": [
    {
      "x": 943.5138883590698,
      "y": 300.81944274902344,
      "w": 227,
      "h": 10,
      "l": 200,
      "r": -0.5653026849676316
    },
    {
      "x": 175.01388835906982,
      "y": 553.3194427490234,
      "w": 216,
      "h": 10,
      "l": 200,
      "r": -2.704205422982664
    }
  ]
}